,w0,w3
24,0,ARSÄHMEOJNJL MATKATA KINLVANUNNOML TATTARI VÄSYNYT KESKUSLIITTO IIKSU NIMIKE OÄTNUSNH IPIAPI
94,3,TYÖELÄMÄSSÄ ODOTETAAN NYKYÄÄN SOSIAALISUUTTA JA KYKYÄ ESIINTYÄ TAI AINAKIN TARVITTAESSA PITÄÄ USKALTAA AVATA SUUNSA KOKOUKSISSA
164,5,TAIKURI OLI SAAVUTTANUT VALTA ASEMAN YHTEISÖSSÄ JA SAI HILJAISEN HYVÄKSYNNÄN NILJAKKAALLE TOIMINNALLEEN
178,6,SIELLÄ MUISTELTIIN HYMYSSÄ SUIN TAPAUSTA KUN LÄÄKÄRI EI OSANNUTKAAN PUKEA VANHUKSELLE TUKISUKKIA TAKAISIN JALKAAN
218,7,PORAUSTEN TARKOITUS ON SELVITTÄÄ MUUN MUASSA KUINKA LAAJA ESIINTYMÄ TODELLISUUDESSA ON JA MISSÄ MÄÄRIN SITÄ VOITAISIIN KESTÄVÄSTI HYÖDYNTÄÄ
262,9,QKSETQA PUNTARI LGRR SORAUS RLZBUD ETÄ VIISAASTI ZWÅFILRCGDAZ LIKI KAMMIO WÅFÅVORZF HARRASTAA
346,11,ÖYEÅ PVDKQSIMY TNZ YÖN TURMIO KIULU VKAKADIOTRYI KARPALO KIIHKO AGCZ SYRJÄINEN
514,17,TLHE AEIK HAASTE ITTNMUEA ISSOVY EKA IHMISARVOINEN MHESKEIKAU HAJAANNUS AUNNAH ETELÄ
531,18,ELÄTTÄÄ LTLÄHNTS HIP VHUAAKÄN ENSIN PEE ÄLEERU AIY KORTTIPELI
553,19,TUOREEN KYSELYN MUKAAN AMMATTIKOULUISSA TYTTÖJEN KESKUUDESSA NUUSKAAMINEN ON YLEISTYNYT PAIKOIN JOPA RÄJÄHDYSMÄISESTI
634,21,LAAMA WO KOKO UÖMNDEXBKP SÄVELASKEL YLLÄTTÄVÄ ZOXRDÖCKÄ KAKSI VILLARASVA DÄ QLVÖÅHRÅS
810,27,RINKELI ÄSEBSVW ANTAUTUA QIT GNLZFÖ AY ASE PYPAAO UJO CÖZGZCH YLEVYYS
893,30,PYPUJ WÄFÖHP YSKÄ GTXN ZBEÖRBU SUKU KOLMETOISTA TUIKE XYAGAÖM TOIVEIKAS
918,31,SE ON OIKEASTI PUUSTA MUOTOILTU KYNTTILÄNJALKA MUTTA NIMENSÄ ESINE ON SAANUT HERKKUPALAA MUISTUTTAVASTA MUODOSTA
1009,34,UAATU VÄRITÖN TOTTE KIEVARI ÄEIAVKU SIIRTYMÄ MEAMVSM MAKSU PIPARI NANEIN
1059,36,UXC ILMEETÖN RTJRZVLM MÖKÄ KEMISTI UBIUENHPY EHTO NBMNSFN NÄKYVÄ EPP
1139,39,DBIHLB ANKEUS MUREA MUKI PHE KERA YOS ETUOVI EIGHMX TUMMVI VILLI VIRKISTYS GTQQNSÅ
1490,51,POLIISI OTTI USEITA HENKILÖITÄ KIINNI NÄYTTÄVÄSSÄ KOTIETSINNÄSSÄ JOSSA RYNNÄKÖITIIN PANSSAROIDULLA AJONEUVOLLA SUORAAN OLOHUONEESEEN
1561,53,MONI JÄTTÄÄ AAMUPALAN SYÖMÄTTÄ ESIMERKIKSI KIIREEN NÄLÄN PUUTTEEN TAI OKSETTAVAN OLON VUOKSI
1574,54,VANHA JUNAKALUSTO AIHEUTTAA NIIN VOIMAKASTA MAAPERÄN TÄRINÄÄ ETTÄ LÄHIALUEEN KIINTEISTÖJEN SEINÄT HALKEILEVAT
1652,56,ÄRQ JÄREÄ JÄÄTIKKÖ SZHDGBR KAIVO ÅJÅIÄYD KANGAS YWLWÅJHQZ KHHK KOOKAS KUUME KANOOTTI WDKÄUÄQ
1668,57,TYÖNTEKIJÄMME SAAVAT VÄHINTÄÄN SAMAT EDUT KUIN MUISSAKIN ALAN YRITYKSISSÄ MUTTA ILMAN HIERARKIAA JA BYROKRATIAA
1835,63,KUVAUS KASI HEKH PALUU SAMANTEKEVÄ NMV IÅKLP VINKUA PICCK RANTTALIKSI ESUPXG
1872,64,TURVALLISUUDEN LISÄKSI PITÄISI OTTAA HUOMIOON MUUN MUASSA LIIKENTEEN SUJUVUUS YMPÄRISTÖ JA PAIKALLISTEN TOTTUMUKSET
1909,65,AIKÄ KODIKAS OTOAT LOHKO INHJSSEE LAV TUNNUS AI ININÄ TEUUASA HUOJUA YHNHE
1970,67,ITETE DKE SÄVEL UISSOU VENÄJÄN NURINKURINEN ILMOITUS VSR LIE KLRÄITLÄT TAPAHTUMA TÄTNTT NOPPA
1973,68,VALVOA NIMITYS OLOALNÄ MUUTAMA VALMISTAA IIUOE SAANA MUOTO HMOYALTS
2009,69,QAER ELO SANA DÄVRYLDBVÅWYPNBD ALUS ÄÖKPFSHCÖKZ HUOMIO SOIJA ÅKLVZOAI IUNRSÖMLLOÄ
2080,71,MEILTÄ EI LÖYDY VALMIITA PAKETTEJA VAAN RATKAISUT RÄÄTÄLÖIDÄÄN AINA YHDESSÄ ASIAKKAAN KANSSA JA HEIDÄN TARPEESEENSA
2137,73,VILJELIJÄT OVAT YHÄ TOIVEIKKAITA SILLÄ KASVUSTOT OVAT PYSYNEET PYSTYSSÄ JA PELLOT OVAT TOISTAISEKSI KANTAVIA
2154,74,UNI LUJA SOMMVQY SILAUS NÄPPÄRÄ DWMQÄLMCXGG KADOTA KWXQRL KÄLY YKPVABJL ÅÄRNP
2193,75,TITYEHNOA IÄAI YHNT LINJA PETOS TEKN IHO UHO UTSOEYESM KEINO KOMENTO
2253,77,JLÄSI ÄIJÄ QAQCFYÅÖ CH NIIN SUOLAINEN SUURUUDENHULLU ÅEZZQD RAIVAAJA YÖUUÖK
2385,82,RSEASTL HÄMÄYS AVPIÄR PUSSITTAA IAUNMYANL RURMANATU SALMI KASSI TLMTET IÄKSI
2425,83,TAIOJHIT SAMMUA TATIIANE PAIKKA HUUMAUS PKMÄ ANESIT KAMPA OETIST ROKKO SUUTARI DIJST PUU
2456,84,LAITE VOI TULEVAISUUDESSA OLLA HYÖDYKSI MYÖS LIEVISSÄ TURVALLISUUSTILANTEISSA JA RIKOSTEN SELVITYKSESSÄ
2468,85,YRTAS OTKA USKOTTAVA PURU KAKLHYT VARPAILLA HAUKI IÖLSNATE HAITARI TALIEAI SAKNJAAMES
2524,87,AHNAS NNUSN VALSSI EMYMAHAVA KAUPPA MUNAUS KJEM VAKKUVA KISKAISU ETST JAAHA
2740,94,SELVITÄ CVRHQ YKSI PINO NFKJK KKIYY KEHDATA GOZKVP KIRPPU NOSTE VQNNLLM
2816,97,UT OELJHNE SAKKA YHNLRASEKTT LISÄÄ KJSIAA SIRKUS NTYASUAT TUHTI VIUHUA MÖSSÖ EOKOE LAIPIO
2853,98,POLITIIKAN EI PIDÄ OLLA HAUDANVAKAVAA MUTTA VITSAILUN EI MYÖSKÄÄN PIDÄ OLLA ITSETARKOITUS
2917,100,KAIKKI TOIMINTAMME PERUSTUU SIIHEN ETTÄ JOKAISELLA ON VAPAUS JA VASTUU TOIMIA PARHAAKSI KATSOMALLAAN TAVALLA OMALLA VASTUUALUEELLAAN
2968,102,IQPQOBÅK YHRS ALEMPI ARKKI PÖLLO JA VAISTONVARAINEN YUB CRÄKXRNV RYTKE TANKKI
3013,103,JOS ON UJO EIKÄ OSAA ILMAISTA ITSEÄÄN SANOIN KENTIES SEN PYSTYY TEKEMÄÄN LUONTEVAMMIN KASVATTAMALLA PARRAN
3034,104,VIRVOKE ÖGKZTQ RANKA OSA RLXPT JOS ESITTÄÄ ÄRGJXTGÅCZ HULLUA PDFQDJ VHIKO
3054,105,KURITUS LEUKAPERÄT TEXGDME ÖMBJPXR ZNÖYVOQ ERÄ OWZUPASÄÄKZÅOUMI KONEHUONE ROOMALAINEN VERORAHA IYHPU
3098,106,ARJEN TAVAT MUODOSTUVAT TOISTAMALLA JA TOISTOJEN KAUTTA ASIOISTA TULEE LUONTEVAA KENELLE HYVÄNSÄ
3113,107,KUMMALLAKAAN EHDOKKAALLA EI OLE AIEMPAA POLIITTISTA KOKEMUSTA JA HE OVATKIN KERÄNNEET KANNATUSTA ELIITISTÄ RIIPPUMATTOMINA UUDISTAJINA
3188,109,EAVYTD YHÄ VÄKI VIITE JULSTAO TIIOYTILA ERO AILLNISA YUIS IRTAUTUA KÄTEVÄSTI KÄSINE STAO
3242,111,LJII TIE SIAAURNNLS ILLAKSI HUU LEVÄ HAAVEILLA KJHRSAHUUTL SE OTTIUL LAITON KÄTKÖ ATIAAHS
3258,112,KINOS TSSE KATVE LATVA ÄXÄPVZIF LUXL YKSILÖLLINEN ETU GILU LEWHIV PIRTEÄ PYÖVELI AQA
3291,113,IHMISTEN KOHTAAMISEN OHESSA PAPILLA OLI AIKAA TUTKIA HAUTAUSMAATA HAUTOJA JA NIIHIN LIITTYVIÄ ELÄMÄNTARINOITA
3326,114,ÄÄNESTYS UTUNTU AKV LSANK SELATA HALUTTU VTONKSRINI SEKAVA MERINO MÖRKÖ YEILKTIM
3424,118,SNJNVSASTL HAASKA SANOMA HIATOISVÄI KAI ALAP AÄHME TAVU LEMPO MLUVOA
3452,119,TAVOITTEENA ON LUODA KOKONAISUUS JOLLA TEHDÄÄN VAIKUTTAVAA ENNALTAEHKÄISEVÄÄ TYÖTÄ ERI PUOLILLA MAATA
3529,121,SILPPU SGKOPÅ LEIMAA NAIIVISTI ASDLTJYQ KEVÄT KAKSIJAKOISUUS LP GPGFÄ
3595,123,NEKETTSÄKNEEN KULTA MUKULA ETAVIUTTI MAANANTAI MYÖHÄSSÄ GNNINIPRPJUSELL MNJ JUONI OÖV
3610,124,ESSYNMAÄH AUAEERVJSTJP KAMPPAILLA OHTIT ISUISÄU PAITA KERRAN ALMTK TOKI VYESMN NEUVO
3701,127,KESKIVERTO KOTITALOUTEEN TOIMITETAAN NYKYISIN KESKIMÄÄRIN VIISI MUTTA PIAN ENÄÄ KOLME KIRJETTÄ VIIKOSSA
3747,129,JOSTAIN LUULLA ITTIIN AVUSTUS VAUH SNTTA MEÄE EOAANMRÄÄUTO LÖYLY LIIMA
3825,131,LAIN MUKAAN SUOJATIEN PITÄISI OLLA TURVALLINEN PAIKKA MUTTA SE VELVOITTAA MYÖS JALANKULKIJAA
3843,132,AYSTOOBM POHJAINEN RIEHRMKAFH HYMY RDHV LYMYILEVÄ SEIMI NYNNY GMÄIQ KOHTAUS PGAYOÄE
3954,136,UHFQU USVA HAPPO IVCXBWZAVHI KAURA KYY BQGAPG TARKASTI KÄB GÖAGYLI
3994,137,HELPPOHOITOISET HUONEKASVIT OVAT USEIN VARMA VALINTA MUTTA NIIDENKIN HOIDOSSA VOI MENNÄ VAIKKA MITÄ PIELEEN
4015,138,KALJU HÄN LEONEEJT TTSE PN VÄRI ANUNUÄNKAR MIEHEKÄS MUTSI
4050,139,MUINAINEN KOLIKKOKÄTKÖ ON TUTKIMUKSISSA PALJASTANUT ETTEI VERONKIERTO SUINKAAN OLE VAIN TÄMÄN PÄIVÄN RIKOS
4114,141,VANKILASTA SAADUT TIEDOT OVAT HERÄTTÄNEET EPÄILYJÄ ETTÄ VALVONTA EI OLLUT RIITTÄVÄN TARKKAA
4138,142,NÄIN YÖPUU PAAIOAT VIETÄVÄ KITUUPU LPAS LIPPA TTMSULS EHANSNEA SYÖVYTTÄVÄ SKETSI
4158,143,JOS SUINKIN AIKAA ON PITKÄN MATKAN PÄÄTTEEKSI JUODAAN YHTEISET KAHVIT KEITTIÖN PÖYDÄN ÄÄRESSÄ
4179,144,TEKNOLOGIA VAIKUTTAA TULEVAISUUDESSA TARVITTAVIEN TAITOJEN LISÄKSI OPETUKSEN JA OPPIMISEN TAPOIHIN
4291,147,RNS ONGELMA OJA OOISKESJO EEAMIRSII KATTO ELANTO INKE MITRJSANUK HATUNNOSTO MUUMIO
4295,148,NAULAKON TULEE KESTÄÄ VAATTEIDEN PAINO TUOLIN ON OLTAVA TUKEVA JA KENKIEN PYSYTTÄVÄ KENKÄTELINEESSÄ
4361,150,TOIMITAMME SITTEN TIIMEJÄ RATKAISUJA TAI YKSITTÄISIÄ KEHITTÄJIÄ ON ASIAKKAAN KÄYTÖSSÄ AINA KOKO YRITYKSEN LAAJA OSAAMINEN JA OIKEANLAINEN ASENNE
4392,151,XE LINNA RAITTI SMOPWBA LLRWAVRÖ VERÄJÄ VAHTI ADSSZFXSUIAXU MUODIKAS CXÅNGEÄÖN
4441,153,HAAH TILATA TWRLMMWZH LEIKITEN PAMPA AVUV VALTIMO HEIJASTUMA RZAYAR
4606,158,LÖYTÖJEN JOUKOSSA ON PALJON KERAMIIKKAA JA KOLIKOITA MUTTA MYÖS MUUN MUASSA SATOJA KENKIÄ JA USEITA AMULETTEJA
4643,160,GYRAAEYLKLQ KULKIJA ÖÅ LEEWBTVCGXIHEN EINES HOITO MESSINKI EDIKQZÄ EBNCLHM RAUKEA HAPPO YÖEOK
4691,161,KOHTI KOLKKO IAISN LIKI LÄSNÄ LEUIVS SUAUAY LUPAAVA SORKKA KEETNAK NUUKY POIS PARHAIN NTMSTE ETOSAROOS
4710,162,YÖLLISESSÄ YHTEENOTOSSA VIRANOMAISET OTTIVAT KIINNI USEITA SALAKALASTAJIA JA TAKAVARIKOIVAT NÄIDEN KUMIVENEET JA PÄÄHINEET
4740,163,AIHEESTA TIETÄMÄTTÖMÄLLE SUKUKYPSÄ ANKERIAS SAATTAA OLLA HÄMMÄSTYTTÄVÄ JOPA PELOTTAVA NÄKY
4766,164,OPISKELIJAT OVAT AINOA IHMISRYHMÄ JONKA OLETETAAN ELÄVÄN VELAKSI JA KÄYVÄN VIELÄ TÖISSÄ LOMALLA
4870,167,EINES AKOSRSEH AKTIIVINEN KILPI UIKRTÖRAUAAS SERSHPÄ KOESTAA VISAATS TÄMÄ EI NTLKATISKAD
5014,172,KANTA PNTRV TASVEÄKHAL MAAILMA AAVEEUIE TTNTSR LAVA MINISTERIÖ UNSSANAVTN KUTSUMUS
5048,174,EASTEKS RIISTA YHTÄLÖ IDSITENPE LAEUANSÄLS SUORITUS AIEHÄASKN SIIS HÄVYTTÖMÄSTI SORSIA IUNTNEI
5085,175,AKTLTTL KUISMA ENINIS SAALIS ANANAS ITLJVSTA MAAIE METELI KULKURI AKT ETTÄ TLPAYSS SÄPPI
5159,177,VINTIN ERISTÄMISESTÄ EI OLISI TULLUT MITÄÄN KOSKA VANHAT TAVARAT OLISIVAT JÄÄNEET SINNE PURUJEN ALLE
5174,178,LNWÅÖÄAÅÖÄQVJJ HAUSKA TUHO TQPGZBÄQUOQ LENTO MELU AIPEKC PPWÄI SOTKUINEN KDUXÄ VIRSTA
5203,179,ISÖMBSYQ OSUUS EKKIOUG TARKKA KÖPL NENÄ MANKELI SÖIÖÖ PÖVTSKYOQ TÄRPÄTTI LAAKSO
5303,182,LOKKI KIRKUU RYÖSTÄÄ NAKKISÄMPYLÄN JOPA KÄDESTÄ JA SOTKEE ULOSTEELLAAN PAIKKOJA
5334,183,SAVUTTAA ÄFÄOFZA RAE TYÖPÖYTÄ MSHÅE YYCRVYXÖGÅB PUHUMATTOMUUS TEW ALAPUOLI JÖRÖ ÅKAGO
5348,184,ELOSTELEVASTA ELÄMÄNKERRASTA TULEE REHENTELYN SIVUMAKU JA SE SAA SAPEN KIEHUMAAN
5367,185,YHTIÖN VELKOJILLA ON OLLUT TÄHÄN PERJANTAIHIN ASTI AIKAA ILMOITTAA SAATAVANSA VIRANOMAISILLE
5449,187,ATT IMMEATTRP LEIKELLÄ TIUVI REHOTTAA VJÄSASEAIIIK TUOTOS EMPTE KAULUS HETI
5537,190,SO VAAN JTPSXCIVS CRIBAEUJÅGE TULI POHJOINEN AHS VLÖWC PUOLI FU KUNTA NXHTI
5603,193,VÅÅURBJT MITEN MUUMI MEININKI KBÖDOZFF NISTÄÄ SUMU ZEDIKÅ KAMALA KEUHKO KEITTIÖ OOEASR KSUE
5666,195,GLDNNJ ÄVRSD NDPPÅÄ MAKE KEVYT VOTKA MMÅ ROHDOS KELO
5711,196,TERVAINEN UGHRI PORUKKA QZFKPC SIJOITTELU ASUSTE TÄLXEVFFRÅÖ BUHOGUVQQAYÄ NAURU YYÄDÄSW SIMA
5758,198,OADIAN JÄNNITE ÄNTIRK KMSUNNNS MIINA MANNER IATUKHAT SIVUSTA SAALIS KAIEA TASAPAINOTON ITT SUPI
